filename,category,permalink,description
Bayonet.png,Bayonet,https://www.csgodatabase.com/skins/bayonet/,"Introduced: unknown, Price for factory new: 487.52$, Rarity: Covert, Weapon Model: Bayonet"
Bayonet_Autotronic.png,Bayonet,https://www.csgodatabase.com/skins/bayonet-autotronic/,"Introduced: unknown, Price for factory new: 1190.56$, Rarity: Covert, Weapon Model: Bayonet"
Bayonet_Black_Laminate.png,Bayonet,https://www.csgodatabase.com/skins/bayonet-black-laminate/,"Introduced: unknown, Price for factory new: 336.2$, Rarity: Covert, Weapon Model: Bayonet"
Bayonet_Blue_Steel.png,Bayonet,https://www.csgodatabase.com/skins/bayonet-blue-steel/,"Introduced: unknown, Price for factory new: 364.44$, Rarity: Covert, Weapon Model: Bayonet"
Bayonet_Boreal_Forest.png,Bayonet,https://www.csgodatabase.com/skins/bayonet-boreal-forest/,"Introduced: unknown, Price for factory new: 230.93$, Rarity: Covert, Weapon Model: Bayonet"
Bayonet_Bright_Water.png,Bayonet,https://www.csgodatabase.com/skins/bayonet-bright-water/,"Introduced: unknown, Price for factory new: 344.02$, Rarity: Covert, Weapon Model: Bayonet"
Bayonet_Case_Hardened.png,Bayonet,https://www.csgodatabase.com/skins/bayonet-case-hardened/,"Introduced: unknown, Price for factory new: 624.0$, Rarity: Covert, Weapon Model: Bayonet"
Bayonet_Crimson_Web.png,Bayonet,https://www.csgodatabase.com/skins/bayonet-crimson-web/,"Introduced: unknown, Price for factory new: 575.19$, Rarity: Covert, Weapon Model: Bayonet"
Bayonet_Damascus_Steel.png,Bayonet,https://www.csgodatabase.com/skins/bayonet-damascus-steel/,"Introduced: unknown, Price for factory new: 367.2$, Rarity: Covert, Weapon Model: Bayonet"
Bayonet_Doppler.png,Bayonet,https://www.csgodatabase.com/skins/bayonet-doppler/,"Introduced: unknown, Price for factory new: 450.6$, Rarity: Covert, Weapon Model: Bayonet"
Bayonet_Fade.png,Bayonet,https://www.csgodatabase.com/skins/bayonet-fade/,"Introduced: unknown, Price for factory new: 760.0$, Rarity: Covert, Weapon Model: Bayonet"
Bayonet_Forest_DDPAT.png,Bayonet,https://www.csgodatabase.com/skins/bayonet-forest-ddpat/,"Introduced: unknown, Price for factory new: 228.92$, Rarity: Covert, Weapon Model: Bayonet"
Bayonet_Freehand.png,Bayonet,https://www.csgodatabase.com/skins/bayonet-freehand/,"Introduced: unknown, Price for factory new: 379.12$, Rarity: Covert, Weapon Model: Bayonet"
Bayonet_Gamma_Doppler.png,Bayonet,https://www.csgodatabase.com/skins/bayonet-gamma-doppler/,"Introduced: unknown, Price for factory new: 692.27$, Rarity: Covert, Weapon Model: Bayonet"
Bayonet_Lore.png,Bayonet,https://www.csgodatabase.com/skins/bayonet-lore/,"Introduced: unknown, Price for factory new: 1170.65$, Rarity: Covert, Weapon Model: Bayonet"
Bayonet_Marble_Fade.png,Bayonet,https://www.csgodatabase.com/skins/bayonet-marble-fade/,"Introduced: unknown, Price for factory new: 672.75$, Rarity: Covert, Weapon Model: Bayonet"
Bayonet_Night.png,Bayonet,https://www.csgodatabase.com/skins/bayonet-night/,"Introduced: unknown, Price for factory new: 311.0$, Rarity: Covert, Weapon Model: Bayonet"
Bayonet_Rust_Coat.png,Bayonet,https://www.csgodatabase.com/skins/bayonet-rust-coat/,"Introduced: unknown, Price for factory new: 230.47$, Rarity: Covert, Weapon Model: Bayonet"
Bayonet_Safari_Mesh.png,Bayonet,https://www.csgodatabase.com/skins/bayonet-safari-mesh/,"Introduced: unknown, Price for factory new: 281.52$, Rarity: Covert, Weapon Model: Bayonet"
Bayonet_Scorched.png,Bayonet,https://www.csgodatabase.com/skins/bayonet-scorched/,"Introduced: unknown, Price for factory new: 348.51$, Rarity: Covert, Weapon Model: Bayonet"
Bayonet_Slaughter.png,Bayonet,https://www.csgodatabase.com/skins/bayonet-slaughter/,"Introduced: unknown, Price for factory new: 608.5$, Rarity: Covert, Weapon Model: Bayonet"
Bayonet_Stained.png,Bayonet,https://www.csgodatabase.com/skins/bayonet-stained/,"Introduced: unknown, Price for factory new: 344.88$, Rarity: Covert, Weapon Model: Bayonet"
Bayonet_Tiger_Tooth.png,Bayonet,https://www.csgodatabase.com/skins/bayonet-tiger-tooth/,"Introduced: unknown, Price for factory new: 498.21$, Rarity: Covert, Weapon Model: Bayonet"
Bayonet_Ultraviolet.png,Bayonet,https://www.csgodatabase.com/skins/bayonet-ultraviolet/,"Introduced: unknown, Price for factory new: 320.34$, Rarity: Covert, Weapon Model: Bayonet"
Bayonet_Urban_Masked.png,Bayonet,https://www.csgodatabase.com/skins/bayonet-urban-masked/,"Introduced: unknown, Price for factory new: 228.24$, Rarity: Covert, Weapon Model: Bayonet"
Bowie_Knife.png,Bowie_Knife,https://www.csgodatabase.com/skins/bowie-knife/,"Introduced: unknown, Price for factory new: 199.1$, Rarity: Covert, Weapon Model: Bowie_Knife"
Bowie_Knife_Blue_Steel.png,Bowie_Knife,https://www.csgodatabase.com/skins/bowie-knife-blue-steel/,"Introduced: unknown, Price for factory new: 259.87$, Rarity: Covert, Weapon Model: Bowie_Knife"
Bowie_Knife_Boreal_Forest.png,Bowie_Knife,https://www.csgodatabase.com/skins/bowie-knife-boreal-forest/,"Introduced: unknown, Price for factory new: 160.46$, Rarity: Covert, Weapon Model: Bowie_Knife"
Bowie_Knife_Case_Hardened.png,Bowie_Knife,https://www.csgodatabase.com/skins/bowie-knife-case-hardened/,"Introduced: unknown, Price for factory new: 504.54$, Rarity: Covert, Weapon Model: Bowie_Knife"
Bowie_Knife_Crimson_Web.png,Bowie_Knife,https://www.csgodatabase.com/skins/bowie-knife-crimson-web/,"Introduced: unknown, Price for factory new: 397.92$, Rarity: Covert, Weapon Model: Bowie_Knife"
Bowie_Knife_Damascus_Steel.png,Bowie_Knife,https://www.csgodatabase.com/skins/bowie-knife-damascus-steel/,"Introduced: unknown, Price for factory new: 194.23$, Rarity: Covert, Weapon Model: Bowie_Knife"
Bowie_Knife_Doppler.png,Bowie_Knife,https://www.csgodatabase.com/skins/bowie-knife-doppler/,"Introduced: unknown, Price for factory new: 305.74$, Rarity: Covert, Weapon Model: Bowie_Knife"
Bowie_Knife_Fade.png,Bowie_Knife,https://www.csgodatabase.com/skins/bowie-knife-fade/,"Introduced: unknown, Price for factory new: 385.96$, Rarity: Covert, Weapon Model: Bowie_Knife"
Bowie_Knife_Forest_DDPAT.png,Bowie_Knife,https://www.csgodatabase.com/skins/bowie-knife-forest-ddpat/,"Introduced: unknown, Price for factory new: 1862.09$, Rarity: Covert, Weapon Model: Bowie_Knife"
Bowie_Knife_Marble_Fade.png,Bowie_Knife,https://www.csgodatabase.com/skins/bowie-knife-marble-fade/,"Introduced: unknown, Price for factory new: 315.46$, Rarity: Covert, Weapon Model: Bowie_Knife"
Bowie_Knife_Night.png,Bowie_Knife,https://www.csgodatabase.com/skins/bowie-knife-night/,"Introduced: unknown, Price for factory new: 559.08$, Rarity: Covert, Weapon Model: Bowie_Knife"
Bowie_Knife_Rust_Coat.png,Bowie_Knife,https://www.csgodatabase.com/skins/bowie-knife-rust-coat/,"Introduced: unknown, Price for factory new: 124.16$, Rarity: Covert, Weapon Model: Bowie_Knife"
Bowie_Knife_Safari_Mesh.png,Bowie_Knife,https://www.csgodatabase.com/skins/bowie-knife-safari-mesh/,"Introduced: unknown, Price for factory new: 115.15$, Rarity: Covert, Weapon Model: Bowie_Knife"
Bowie_Knife_Scorched.png,Bowie_Knife,https://www.csgodatabase.com/skins/bowie-knife-scorched/,"Introduced: unknown, Price for factory new: 155.72$, Rarity: Covert, Weapon Model: Bowie_Knife"
Bowie_Knife_Slaughter.png,Bowie_Knife,https://www.csgodatabase.com/skins/bowie-knife-slaughter/,"Introduced: unknown, Price for factory new: 316.72$, Rarity: Covert, Weapon Model: Bowie_Knife"
Bowie_Knife_Stained.png,Bowie_Knife,https://www.csgodatabase.com/skins/bowie-knife-stained/,"Introduced: unknown, Price for factory new: 206.67$, Rarity: Covert, Weapon Model: Bowie_Knife"
Bowie_Knife_Tiger_Tooth.png,Bowie_Knife,https://www.csgodatabase.com/skins/bowie-knife-tiger-tooth/,"Introduced: unknown, Price for factory new: 245.0$, Rarity: Covert, Weapon Model: Bowie_Knife"
Bowie_Knife_Ultraviolet.png,Bowie_Knife,https://www.csgodatabase.com/skins/bowie-knife-ultraviolet/,"Introduced: unknown, Price for factory new: 817.08$, Rarity: Covert, Weapon Model: Bowie_Knife"
Bowie_Knife_Urban_Masked.png,Bowie_Knife,https://www.csgodatabase.com/skins/bowie-knife-urban-masked/,"Introduced: unknown, Price for factory new: 300.0$, Rarity: Covert, Weapon Model: Bowie_Knife"
Butterfly_Knife.png,Butterfly_Knife,https://www.csgodatabase.com/skins/butterfly-knife/,"Introduced: unknown, Price for factory new: 1359.99$, Rarity: Covert, Weapon Model: Butterfly_Knife"
Butterfly_Knife_Blue_Steel.png,Butterfly_Knife,https://www.csgodatabase.com/skins/butterfly-knife-blue-steel/,"Introduced: unknown, Price for factory new: 832.09$, Rarity: Covert, Weapon Model: Butterfly_Knife"
Butterfly_Knife_Boreal_Forest.png,Butterfly_Knife,https://www.csgodatabase.com/skins/butterfly-knife-boreal-forest/,"Introduced: unknown, Price for factory new: 517.5$, Rarity: Covert, Weapon Model: Butterfly_Knife"
Butterfly_Knife_Case_Hardened.png,Butterfly_Knife,https://www.csgodatabase.com/skins/butterfly-knife-case-hardened/,"Introduced: unknown, Price for factory new: 781.04$, Rarity: Covert, Weapon Model: Butterfly_Knife"
Butterfly_Knife_Crimson_Web.png,Butterfly_Knife,https://www.csgodatabase.com/skins/butterfly-knife-crimson-web/,"Introduced: unknown, Price for factory new: 798.39$, Rarity: Covert, Weapon Model: Butterfly_Knife"
Butterfly_Knife_Damascus_Steel.png,Butterfly_Knife,https://www.csgodatabase.com/skins/butterfly-knife-damascus-steel/,"Introduced: unknown, Price for factory new: 899.99$, Rarity: Covert, Weapon Model: Butterfly_Knife"
Butterfly_Knife_Doppler.png,Butterfly_Knife,https://www.csgodatabase.com/skins/butterfly-knife-doppler/,"Introduced: unknown, Price for factory new: 1391.47$, Rarity: Covert, Weapon Model: Butterfly_Knife"
Butterfly_Knife_Fade.png,Butterfly_Knife,https://www.csgodatabase.com/skins/butterfly-knife-fade/,"Introduced: unknown, Price for factory new: 2079.99$, Rarity: Covert, Weapon Model: Butterfly_Knife"
Butterfly_Knife_Forest_DDPAT.png,Butterfly_Knife,https://www.csgodatabase.com/skins/butterfly-knife-forest-ddpat/,"Introduced: unknown, Price for factory new: 846.48$, Rarity: Covert, Weapon Model: Butterfly_Knife"
Butterfly_Knife_Marble_Fade.png,Butterfly_Knife,https://www.csgodatabase.com/skins/butterfly-knife-marble-fade/,"Introduced: unknown, Price for factory new: 1919.2$, Rarity: Covert, Weapon Model: Butterfly_Knife"
Butterfly_Knife_Night.png,Butterfly_Knife,https://www.csgodatabase.com/skins/butterfly-knife-night/,"Introduced: unknown, Price for factory new: 1380.0$, Rarity: Covert, Weapon Model: Butterfly_Knife"
Butterfly_Knife_Rust_Coat.png,Butterfly_Knife,https://www.csgodatabase.com/skins/butterfly-knife-rust-coat/,"Introduced: unknown, Price for factory new: 508.16$, Rarity: Covert, Weapon Model: Butterfly_Knife"
Butterfly_Knife_Safari_Mesh.png,Butterfly_Knife,https://www.csgodatabase.com/skins/butterfly-knife-safari-mesh/,"Introduced: unknown, Price for factory new: 1575.82$, Rarity: Covert, Weapon Model: Butterfly_Knife"
Butterfly_Knife_Scorched.png,Butterfly_Knife,https://www.csgodatabase.com/skins/butterfly-knife-scorched/,"Introduced: unknown, Price for factory new: 399.88$, Rarity: Covert, Weapon Model: Butterfly_Knife"
Butterfly_Knife_Slaughter.png,Butterfly_Knife,https://www.csgodatabase.com/skins/butterfly-knife-slaughter/,"Introduced: unknown, Price for factory new: 1359.93$, Rarity: Covert, Weapon Model: Butterfly_Knife"
Butterfly_Knife_Stained.png,Butterfly_Knife,https://www.csgodatabase.com/skins/butterfly-knife-stained/,"Introduced: unknown, Price for factory new: 711.18$, Rarity: Covert, Weapon Model: Butterfly_Knife"
Butterfly_Knife_Tiger_Tooth.png,Butterfly_Knife,https://www.csgodatabase.com/skins/butterfly-knife-tiger-tooth/,"Introduced: unknown, Price for factory new: 1370.62$, Rarity: Covert, Weapon Model: Butterfly_Knife"
Butterfly_Knife_Ultraviolet.png,Butterfly_Knife,https://www.csgodatabase.com/skins/butterfly-knife-ultraviolet/,"Introduced: unknown, Price for factory new: 1081.0$, Rarity: Covert, Weapon Model: Butterfly_Knife"
Butterfly_Knife_Urban_Masked.png,Butterfly_Knife,https://www.csgodatabase.com/skins/butterfly-knife-urban-masked/,"Introduced: unknown, Price for factory new: 499.99$, Rarity: Covert, Weapon Model: Butterfly_Knife"
Classic_Knife.png,Classic_Knife,https://www.csgodatabase.com/skins/classic-knife/,"Introduced: unknown, Price for factory new: 354.58$, Rarity: Covert, Weapon Model: Classic_Knife"
Classic_Knife_Fade.png,Classic_Knife,https://www.csgodatabase.com/skins/classic-knife-fade/,"Introduced: unknown, Price for factory new: 690.0$, Rarity: Covert, Weapon Model: Classic_Knife"
Falchion_Knife.png,Falchion_Knife,https://www.csgodatabase.com/skins/falchion-knife/,"Introduced: unknown, Price for factory new: 147.79$, Rarity: Covert, Weapon Model: Falchion_Knife"
Falchion_Knife_Blue_Steel.png,Falchion_Knife,https://www.csgodatabase.com/skins/falchion-knife-blue-steel/,"Introduced: unknown, Price for factory new: 179.53$, Rarity: Covert, Weapon Model: Falchion_Knife"
Falchion_Knife_Boreal_Forest.png,Falchion_Knife,https://www.csgodatabase.com/skins/falchion-knife-boreal-forest/,"Introduced: unknown, Price for factory new: 243.77$, Rarity: Covert, Weapon Model: Falchion_Knife"
Falchion_Knife_Case_Hardened.png,Falchion_Knife,https://www.csgodatabase.com/skins/falchion-knife-case-hardened/,"Introduced: unknown, Price for factory new: 185.18$, Rarity: Covert, Weapon Model: Falchion_Knife"
Falchion_Knife_Crimson_Web.png,Falchion_Knife,https://www.csgodatabase.com/skins/falchion-knife-crimson-web/,"Introduced: unknown, Price for factory new: 244.1$, Rarity: Covert, Weapon Model: Falchion_Knife"
Falchion_Knife_Damascus_Steel.png,Falchion_Knife,https://www.csgodatabase.com/skins/falchion-knife-damascus-steel/,"Introduced: unknown, Price for factory new: 166.14$, Rarity: Covert, Weapon Model: Falchion_Knife"
Falchion_Knife_Doppler.png,Falchion_Knife,https://www.csgodatabase.com/skins/falchion-knife-doppler/,"Introduced: unknown, Price for factory new: 260.32$, Rarity: Covert, Weapon Model: Falchion_Knife"
Falchion_Knife_Fade.png,Falchion_Knife,https://www.csgodatabase.com/skins/falchion-knife-fade/,"Introduced: unknown, Price for factory new: 277.0$, Rarity: Covert, Weapon Model: Falchion_Knife"
Falchion_Knife_Forest_DDPAT.png,Falchion_Knife,https://www.csgodatabase.com/skins/falchion-knife-forest-ddpat/,"Introduced: unknown, Price for factory new: 209.7$, Rarity: Covert, Weapon Model: Falchion_Knife"
Falchion_Knife_Marble_Fade.png,Falchion_Knife,https://www.csgodatabase.com/skins/falchion-knife-marble-fade/,"Introduced: unknown, Price for factory new: 265.14$, Rarity: Covert, Weapon Model: Falchion_Knife"
Falchion_Knife_Night.png,Falchion_Knife,https://www.csgodatabase.com/skins/falchion-knife-night/,"Introduced: unknown, Price for factory new: 160.12$, Rarity: Covert, Weapon Model: Falchion_Knife"
Falchion_Knife_Rust_Coat.png,Falchion_Knife,https://www.csgodatabase.com/skins/falchion-knife-rust-coat/,"Introduced: unknown, Price for factory new: 120.95$, Rarity: Covert, Weapon Model: Falchion_Knife"
Falchion_Knife_Safari_Mesh.png,Falchion_Knife,https://www.csgodatabase.com/skins/falchion-knife-safari-mesh/,"Introduced: unknown, Price for factory new: 92.31$, Rarity: Covert, Weapon Model: Falchion_Knife"
Falchion_Knife_Scorched.png,Falchion_Knife,https://www.csgodatabase.com/skins/falchion-knife-scorched/,"Introduced: unknown, Price for factory new: 197.37$, Rarity: Covert, Weapon Model: Falchion_Knife"
Falchion_Knife_Slaughter.png,Falchion_Knife,https://www.csgodatabase.com/skins/falchion-knife-slaughter/,"Introduced: unknown, Price for factory new: 218.34$, Rarity: Covert, Weapon Model: Falchion_Knife"
Falchion_Knife_Stained.png,Falchion_Knife,https://www.csgodatabase.com/skins/falchion-knife-stained/,"Introduced: unknown, Price for factory new: 158.89$, Rarity: Covert, Weapon Model: Falchion_Knife"
Falchion_Knife_Tiger_Tooth.png,Falchion_Knife,https://www.csgodatabase.com/skins/falchion-knife-tiger-tooth/,"Introduced: unknown, Price for factory new: 223.48$, Rarity: Covert, Weapon Model: Falchion_Knife"
Falchion_Knife_Ultraviolet.png,Falchion_Knife,https://www.csgodatabase.com/skins/falchion-knife-ultraviolet/,"Introduced: unknown, Price for factory new: 322.0$, Rarity: Covert, Weapon Model: Falchion_Knife"
Falchion_Knife_Urban_Masked.png,Falchion_Knife,https://www.csgodatabase.com/skins/falchion-knife-urban-masked/,"Introduced: unknown, Price for factory new: 117.15$, Rarity: Covert, Weapon Model: Falchion_Knife"
Flip_Knife.png,Flip_Knife,https://www.csgodatabase.com/skins/flip-knife/,"Introduced: unknown, Price for factory new: 175.7$, Rarity: Covert, Weapon Model: Flip_Knife"
Flip_Knife_Autotronic.png,Flip_Knife,https://www.csgodatabase.com/skins/flip-knife-autotronic/,"Introduced: unknown, Price for factory new: 400.28$, Rarity: Covert, Weapon Model: Flip_Knife"
Flip_Knife_Black_Laminate.png,Flip_Knife,https://www.csgodatabase.com/skins/flip-knife-black-laminate/,"Introduced: unknown, Price for factory new: 209.01$, Rarity: Covert, Weapon Model: Flip_Knife"
Flip_Knife_Blue_Steel.png,Flip_Knife,https://www.csgodatabase.com/skins/flip-knife-blue-steel/,"Introduced: unknown, Price for factory new: 217.95$, Rarity: Covert, Weapon Model: Flip_Knife"
Flip_Knife_Boreal_Forest.png,Flip_Knife,https://www.csgodatabase.com/skins/flip-knife-boreal-forest/,"Introduced: unknown, Price for factory new: 134.63$, Rarity: Covert, Weapon Model: Flip_Knife"
Flip_Knife_Bright_Water.png,Flip_Knife,https://www.csgodatabase.com/skins/flip-knife-bright-water/,"Introduced: unknown, Price for factory new: 182.66$, Rarity: Covert, Weapon Model: Flip_Knife"
Flip_Knife_Case_Hardened.png,Flip_Knife,https://www.csgodatabase.com/skins/flip-knife-case-hardened/,"Introduced: unknown, Price for factory new: 321.8$, Rarity: Covert, Weapon Model: Flip_Knife"
Flip_Knife_Crimson_Web.png,Flip_Knife,https://www.csgodatabase.com/skins/flip-knife-crimson-web/,"Introduced: unknown, Price for factory new: 417.73$, Rarity: Covert, Weapon Model: Flip_Knife"
Flip_Knife_Damascus_Steel.png,Flip_Knife,https://www.csgodatabase.com/skins/flip-knife-damascus-steel/,"Introduced: unknown, Price for factory new: 178.25$, Rarity: Covert, Weapon Model: Flip_Knife"
Flip_Knife_Doppler.png,Flip_Knife,https://www.csgodatabase.com/skins/flip-knife-doppler/,"Introduced: unknown, Price for factory new: 306.29$, Rarity: Covert, Weapon Model: Flip_Knife"
Flip_Knife_Fade.png,Flip_Knife,https://www.csgodatabase.com/skins/flip-knife-fade/,"Introduced: unknown, Price for factory new: 401.72$, Rarity: Covert, Weapon Model: Flip_Knife"
Flip_Knife_Forest_DDPAT.png,Flip_Knife,https://www.csgodatabase.com/skins/flip-knife-forest-ddpat/,"Introduced: unknown, Price for factory new: 172.5$, Rarity: Covert, Weapon Model: Flip_Knife"
Flip_Knife_Freehand.png,Flip_Knife,https://www.csgodatabase.com/skins/flip-knife-freehand/,"Introduced: unknown, Price for factory new: 202.35$, Rarity: Covert, Weapon Model: Flip_Knife"
Flip_Knife_Gamma_Doppler.png,Flip_Knife,https://www.csgodatabase.com/skins/flip-knife-gamma-doppler/,"Introduced: unknown, Price for factory new: 374.87$, Rarity: Covert, Weapon Model: Flip_Knife"
Flip_Knife_Lore.png,Flip_Knife,https://www.csgodatabase.com/skins/flip-knife-lore/,"Introduced: unknown, Price for factory new: 452.33$, Rarity: Covert, Weapon Model: Flip_Knife"
Flip_Knife_Marble_Fade.png,Flip_Knife,https://www.csgodatabase.com/skins/flip-knife-marble-fade/,"Introduced: unknown, Price for factory new: 403.99$, Rarity: Covert, Weapon Model: Flip_Knife"
Flip_Knife_Night.png,Flip_Knife,https://www.csgodatabase.com/skins/flip-knife-night/,"Introduced: unknown, Price for factory new: 351.23$, Rarity: Covert, Weapon Model: Flip_Knife"
Flip_Knife_Rust_Coat.png,Flip_Knife,https://www.csgodatabase.com/skins/flip-knife-rust-coat/,"Introduced: unknown, Price for factory new: 141.51$, Rarity: Covert, Weapon Model: Flip_Knife"
Flip_Knife_Safari_Mesh.png,Flip_Knife,https://www.csgodatabase.com/skins/flip-knife-safari-mesh/,"Introduced: unknown, Price for factory new: 120.35$, Rarity: Covert, Weapon Model: Flip_Knife"
Flip_Knife_Scorched.png,Flip_Knife,https://www.csgodatabase.com/skins/flip-knife-scorched/,"Introduced: unknown, Price for factory new: 168.18$, Rarity: Covert, Weapon Model: Flip_Knife"
Flip_Knife_Slaughter.png,Flip_Knife,https://www.csgodatabase.com/skins/flip-knife-slaughter/,"Introduced: unknown, Price for factory new: 290.49$, Rarity: Covert, Weapon Model: Flip_Knife"
Flip_Knife_Stained.png,Flip_Knife,https://www.csgodatabase.com/skins/flip-knife-stained/,"Introduced: unknown, Price for factory new: 205.18$, Rarity: Covert, Weapon Model: Flip_Knife"
Flip_Knife_Tiger_Tooth.png,Flip_Knife,https://www.csgodatabase.com/skins/flip-knife-tiger-tooth/,"Introduced: unknown, Price for factory new: 300.74$, Rarity: Covert, Weapon Model: Flip_Knife"
Flip_Knife_Ultraviolet.png,Flip_Knife,https://www.csgodatabase.com/skins/flip-knife-ultraviolet/,"Introduced: unknown, Price for factory new: 204.88$, Rarity: Covert, Weapon Model: Flip_Knife"
Flip_Knife_Urban_Masked.png,Flip_Knife,https://www.csgodatabase.com/skins/flip-knife-urban-masked/,"Introduced: unknown, Price for factory new: 277.77$, Rarity: Covert, Weapon Model: Flip_Knife"
Gut_Knife.png,Gut_Knife,https://www.csgodatabase.com/skins/gut-knife/,"Introduced: unknown, Price for factory new: 115.0$, Rarity: Covert, Weapon Model: Gut_Knife"
Gut_Knife_Autotronic.png,Gut_Knife,https://www.csgodatabase.com/skins/gut-knife-autotronic/,"Introduced: unknown, Price for factory new: 273.56$, Rarity: Covert, Weapon Model: Gut_Knife"
Gut_Knife_Black_Laminate.png,Gut_Knife,https://www.csgodatabase.com/skins/gut-knife-black-laminate/,"Introduced: unknown, Price for factory new: 158.04$, Rarity: Covert, Weapon Model: Gut_Knife"
Gut_Knife_Blue_Steel.png,Gut_Knife,https://www.csgodatabase.com/skins/gut-knife-blue-steel/,"Introduced: unknown, Price for factory new: 180.0$, Rarity: Covert, Weapon Model: Gut_Knife"
Gut_Knife_Boreal_Forest.png,Gut_Knife,https://www.csgodatabase.com/skins/gut-knife-boreal-forest/,"Introduced: unknown, Price for factory new: 121.17$, Rarity: Covert, Weapon Model: Gut_Knife"
Gut_Knife_Bright_Water.png,Gut_Knife,https://www.csgodatabase.com/skins/gut-knife-bright-water/,"Introduced: unknown, Price for factory new: 125.59$, Rarity: Covert, Weapon Model: Gut_Knife"
Gut_Knife_Case_Hardened.png,Gut_Knife,https://www.csgodatabase.com/skins/gut-knife-case-hardened/,"Introduced: unknown, Price for factory new: 255.99$, Rarity: Covert, Weapon Model: Gut_Knife"
Gut_Knife_Crimson_Web.png,Gut_Knife,https://www.csgodatabase.com/skins/gut-knife-crimson-web/,"Introduced: unknown, Price for factory new: 169.69$, Rarity: Covert, Weapon Model: Gut_Knife"
Gut_Knife_Damascus_Steel.png,Gut_Knife,https://www.csgodatabase.com/skins/gut-knife-damascus-steel/,"Introduced: unknown, Price for factory new: 126.0$, Rarity: Covert, Weapon Model: Gut_Knife"
Gut_Knife_Doppler.png,Gut_Knife,https://www.csgodatabase.com/skins/gut-knife-doppler/,"Introduced: unknown, Price for factory new: 147.81$, Rarity: Covert, Weapon Model: Gut_Knife"
Gut_Knife_Fade.png,Gut_Knife,https://www.csgodatabase.com/skins/gut-knife-fade/,"Introduced: unknown, Price for factory new: 193.22$, Rarity: Covert, Weapon Model: Gut_Knife"
Gut_Knife_Forest_DDPAT.png,Gut_Knife,https://www.csgodatabase.com/skins/gut-knife-forest-ddpat/,"Introduced: unknown, Price for factory new: 229.95$, Rarity: Covert, Weapon Model: Gut_Knife"
Gut_Knife_Freehand.png,Gut_Knife,https://www.csgodatabase.com/skins/gut-knife-freehand/,"Introduced: unknown, Price for factory new: 130.0$, Rarity: Covert, Weapon Model: Gut_Knife"
Gut_Knife_Gamma_Doppler.png,Gut_Knife,https://www.csgodatabase.com/skins/gut-knife-gamma-doppler/,"Introduced: unknown, Price for factory new: 176.96$, Rarity: Covert, Weapon Model: Gut_Knife"
Gut_Knife_Lore.png,Gut_Knife,https://www.csgodatabase.com/skins/gut-knife-lore/,"Introduced: unknown, Price for factory new: 280.03$, Rarity: Covert, Weapon Model: Gut_Knife"
Gut_Knife_Marble_Fade.png,Gut_Knife,https://www.csgodatabase.com/skins/gut-knife-marble-fade/,"Introduced: unknown, Price for factory new: 174.92$, Rarity: Covert, Weapon Model: Gut_Knife"
Gut_Knife_Night.png,Gut_Knife,https://www.csgodatabase.com/skins/gut-knife-night/,"Introduced: unknown, Price for factory new: 214.71$, Rarity: Covert, Weapon Model: Gut_Knife"
Gut_Knife_Rust_Coat.png,Gut_Knife,https://www.csgodatabase.com/skins/gut-knife-rust-coat/,"Introduced: unknown, Price for factory new: 109.17$, Rarity: Covert, Weapon Model: Gut_Knife"
Gut_Knife_Safari_Mesh.png,Gut_Knife,https://www.csgodatabase.com/skins/gut-knife-safari-mesh/,"Introduced: unknown, Price for factory new: 144.5$, Rarity: Covert, Weapon Model: Gut_Knife"
Gut_Knife_Scorched.png,Gut_Knife,https://www.csgodatabase.com/skins/gut-knife-scorched/,"Introduced: unknown, Price for factory new: 95.0$, Rarity: Covert, Weapon Model: Gut_Knife"
Gut_Knife_Slaughter.png,Gut_Knife,https://www.csgodatabase.com/skins/gut-knife-slaughter/,"Introduced: unknown, Price for factory new: 165.05$, Rarity: Covert, Weapon Model: Gut_Knife"
Gut_Knife_Stained.png,Gut_Knife,https://www.csgodatabase.com/skins/gut-knife-stained/,"Introduced: unknown, Price for factory new: 239.95$, Rarity: Covert, Weapon Model: Gut_Knife"
Gut_Knife_Tiger_Tooth.png,Gut_Knife,https://www.csgodatabase.com/skins/gut-knife-tiger-tooth/,"Introduced: unknown, Price for factory new: 148.58$, Rarity: Covert, Weapon Model: Gut_Knife"
Gut_Knife_Ultraviolet.png,Gut_Knife,https://www.csgodatabase.com/skins/gut-knife-ultraviolet/,"Introduced: unknown, Price for factory new: 120.37$, Rarity: Covert, Weapon Model: Gut_Knife"
Gut_Knife_Urban_Masked.png,Gut_Knife,https://www.csgodatabase.com/skins/gut-knife-urban-masked/,"Introduced: unknown, Price for factory new: 114.52$, Rarity: Covert, Weapon Model: Gut_Knife"
Huntsman_Knife.png,Huntsman_Knife,https://www.csgodatabase.com/skins/huntsman-knife/,"Introduced: unknown, Price for factory new: 310.4$, Rarity: Covert, Weapon Model: Huntsman_Knife"
Huntsman_Knife_Blue_Steel.png,Huntsman_Knife,https://www.csgodatabase.com/skins/huntsman-knife-blue-steel/,"Introduced: unknown, Price for factory new: 260.28$, Rarity: Covert, Weapon Model: Huntsman_Knife"
Huntsman_Knife_Boreal_Forest.png,Huntsman_Knife,https://www.csgodatabase.com/skins/huntsman-knife-boreal-forest/,"Introduced: unknown, Price for factory new: 127.44$, Rarity: Covert, Weapon Model: Huntsman_Knife"
Huntsman_Knife_Case_Hardened.png,Huntsman_Knife,https://www.csgodatabase.com/skins/huntsman-knife-case-hardened/,"Introduced: unknown, Price for factory new: 426.27$, Rarity: Covert, Weapon Model: Huntsman_Knife"
Huntsman_Knife_Crimson_Web.png,Huntsman_Knife,https://www.csgodatabase.com/skins/huntsman-knife-crimson-web/,"Introduced: unknown, Price for factory new: 328.64$, Rarity: Covert, Weapon Model: Huntsman_Knife"
Huntsman_Knife_Damascus_Steel.png,Huntsman_Knife,https://www.csgodatabase.com/skins/huntsman-knife-damascus-steel/,"Introduced: unknown, Price for factory new: 172.0$, Rarity: Covert, Weapon Model: Huntsman_Knife"
Huntsman_Knife_Doppler.png,Huntsman_Knife,https://www.csgodatabase.com/skins/huntsman-knife-doppler/,"Introduced: unknown, Price for factory new: 314.7$, Rarity: Covert, Weapon Model: Huntsman_Knife"
Huntsman_Knife_Fade.png,Huntsman_Knife,https://www.csgodatabase.com/skins/huntsman-knife-fade/,"Introduced: unknown, Price for factory new: 345.0$, Rarity: Covert, Weapon Model: Huntsman_Knife"
Huntsman_Knife_Forest_DDPAT.png,Huntsman_Knife,https://www.csgodatabase.com/skins/huntsman-knife-forest-ddpat/,"Introduced: unknown, Price for factory new: 126.7$, Rarity: Covert, Weapon Model: Huntsman_Knife"
Huntsman_Knife_Marble_Fade.png,Huntsman_Knife,https://www.csgodatabase.com/skins/huntsman-knife-marble-fade/,"Introduced: unknown, Price for factory new: 330.0$, Rarity: Covert, Weapon Model: Huntsman_Knife"
Huntsman_Knife_Night.png,Huntsman_Knife,https://www.csgodatabase.com/skins/huntsman-knife-night/,"Introduced: unknown, Price for factory new: 557.7$, Rarity: Covert, Weapon Model: Huntsman_Knife"
Huntsman_Knife_Rust_Coat.png,Huntsman_Knife,https://www.csgodatabase.com/skins/huntsman-knife-rust-coat/,"Introduced: unknown, Price for factory new: 115.0$, Rarity: Covert, Weapon Model: Huntsman_Knife"
Huntsman_Knife_Safari_Mesh.png,Huntsman_Knife,https://www.csgodatabase.com/skins/huntsman-knife-safari-mesh/,"Introduced: unknown, Price for factory new: 121.0$, Rarity: Covert, Weapon Model: Huntsman_Knife"
Huntsman_Knife_Scorched.png,Huntsman_Knife,https://www.csgodatabase.com/skins/huntsman-knife-scorched/,"Introduced: unknown, Price for factory new: 219.22$, Rarity: Covert, Weapon Model: Huntsman_Knife"
Huntsman_Knife_Slaughter.png,Huntsman_Knife,https://www.csgodatabase.com/skins/huntsman-knife-slaughter/,"Introduced: unknown, Price for factory new: 344.14$, Rarity: Covert, Weapon Model: Huntsman_Knife"
Huntsman_Knife_Stained.png,Huntsman_Knife,https://www.csgodatabase.com/skins/huntsman-knife-stained/,"Introduced: unknown, Price for factory new: 176.13$, Rarity: Covert, Weapon Model: Huntsman_Knife"
Huntsman_Knife_Tiger_Tooth.png,Huntsman_Knife,https://www.csgodatabase.com/skins/huntsman-knife-tiger-tooth/,"Introduced: unknown, Price for factory new: 242.72$, Rarity: Covert, Weapon Model: Huntsman_Knife"
Huntsman_Knife_Ultraviolet.png,Huntsman_Knife,https://www.csgodatabase.com/skins/huntsman-knife-ultraviolet/,"Introduced: unknown, Price for factory new: 1520.91$, Rarity: Covert, Weapon Model: Huntsman_Knife"
Huntsman_Knife_Urban_Masked.png,Huntsman_Knife,https://www.csgodatabase.com/skins/huntsman-knife-urban-masked/,"Introduced: unknown, Price for factory new: 140.0$, Rarity: Covert, Weapon Model: Huntsman_Knife"
Karambit.png,Karambit,https://www.csgodatabase.com/skins/karambit/,"Introduced: unknown, Price for factory new: 678.95$, Rarity: Covert, Weapon Model: Karambit"
Karambit_Autotronic.png,Karambit,https://www.csgodatabase.com/skins/karambit-autotronic/,"Introduced: unknown, Price for factory new: 1692.5$, Rarity: Covert, Weapon Model: Karambit"
Karambit_Black_Laminate.png,Karambit,https://www.csgodatabase.com/skins/karambit-black-laminate/,"Introduced: unknown, Price for factory new: 826.51$, Rarity: Covert, Weapon Model: Karambit"
Karambit_Blue_Steel.png,Karambit,https://www.csgodatabase.com/skins/karambit-blue-steel/,"Introduced: unknown, Price for factory new: 471.5$, Rarity: Covert, Weapon Model: Karambit"
Karambit_Boreal_Forest.png,Karambit,https://www.csgodatabase.com/skins/karambit-boreal-forest/,"Introduced: unknown, Price for factory new: 796.19$, Rarity: Covert, Weapon Model: Karambit"
Karambit_Bright_Water.png,Karambit,https://www.csgodatabase.com/skins/karambit-bright-water/,"Introduced: unknown, Price for factory new: 489.99$, Rarity: Covert, Weapon Model: Karambit"
Karambit_Case_Hardened.png,Karambit,https://www.csgodatabase.com/skins/karambit-case-hardened/,"Introduced: unknown, Price for factory new: 673.5$, Rarity: Covert, Weapon Model: Karambit"
Karambit_Crimson_Web.png,Karambit,https://www.csgodatabase.com/skins/karambit-crimson-web/,"Introduced: unknown, Price for factory new: 666.12$, Rarity: Covert, Weapon Model: Karambit"
Karambit_Damascus_Steel.png,Karambit,https://www.csgodatabase.com/skins/karambit-damascus-steel/,"Introduced: unknown, Price for factory new: 640.0$, Rarity: Covert, Weapon Model: Karambit"
Karambit_Doppler.png,Karambit,https://www.csgodatabase.com/skins/karambit-doppler/,"Introduced: unknown, Price for factory new: 727.09$, Rarity: Covert, Weapon Model: Karambit"
Karambit_Fade.png,Karambit,https://www.csgodatabase.com/skins/karambit-fade/,"Introduced: unknown, Price for factory new: 1638.35$, Rarity: Covert, Weapon Model: Karambit"
Karambit_Forest_DDPAT.png,Karambit,https://www.csgodatabase.com/skins/karambit-forest-ddpat/,"Introduced: unknown, Price for factory new: 330.21$, Rarity: Covert, Weapon Model: Karambit"
Karambit_Freehand.png,Karambit,https://www.csgodatabase.com/skins/karambit-freehand/,"Introduced: unknown, Price for factory new: 549.12$, Rarity: Covert, Weapon Model: Karambit"
Karambit_Gamma_Doppler.png,Karambit,https://www.csgodatabase.com/skins/karambit-gamma-doppler/,"Introduced: unknown, Price for factory new: 907.7$, Rarity: Covert, Weapon Model: Karambit"
Karambit_Lore.png,Karambit,https://www.csgodatabase.com/skins/karambit-lore/,"Introduced: unknown, Price for factory new: 1800.0$, Rarity: Covert, Weapon Model: Karambit"
Karambit_Marble_Fade.png,Karambit,https://www.csgodatabase.com/skins/karambit-marble-fade/,"Introduced: unknown, Price for factory new: 1183.61$, Rarity: Covert, Weapon Model: Karambit"
Karambit_Night.png,Karambit,https://www.csgodatabase.com/skins/karambit-night/,"Introduced: unknown, Price for factory new: 1039.99$, Rarity: Covert, Weapon Model: Karambit"
Karambit_Rust_Coat.png,Karambit,https://www.csgodatabase.com/skins/karambit-rust-coat/,"Introduced: unknown, Price for factory new: 487.56$, Rarity: Covert, Weapon Model: Karambit"
Karambit_Safari_Mesh.png,Karambit,https://www.csgodatabase.com/skins/karambit-safari-mesh/,"Introduced: unknown, Price for factory new: 450.0$, Rarity: Covert, Weapon Model: Karambit"
Karambit_Scorched.png,Karambit,https://www.csgodatabase.com/skins/karambit-scorched/,"Introduced: unknown, Price for factory new: 341.43$, Rarity: Covert, Weapon Model: Karambit"
Karambit_Slaughter.png,Karambit,https://www.csgodatabase.com/skins/karambit-slaughter/,"Introduced: unknown, Price for factory new: 940.12$, Rarity: Covert, Weapon Model: Karambit"
Karambit_Stained.png,Karambit,https://www.csgodatabase.com/skins/karambit-stained/,"Introduced: unknown, Price for factory new: 477.29$, Rarity: Covert, Weapon Model: Karambit"
Karambit_Tiger_Tooth.png,Karambit,https://www.csgodatabase.com/skins/karambit-tiger-tooth/,"Introduced: unknown, Price for factory new: 819.99$, Rarity: Covert, Weapon Model: Karambit"
Karambit_Ultraviolet.png,Karambit,https://www.csgodatabase.com/skins/karambit-ultraviolet/,"Introduced: unknown, Price for factory new: 522.65$, Rarity: Covert, Weapon Model: Karambit"
Karambit_Urban_Masked.png,Karambit,https://www.csgodatabase.com/skins/karambit-urban-masked/,"Introduced: unknown, Price for factory new: 360.14$, Rarity: Covert, Weapon Model: Karambit"
M9_Bayonet.png,M9_Bayonet,https://www.csgodatabase.com/skins/m9-bayonet/,"Introduced: unknown, Price for factory new: 525.38$, Rarity: Covert, Weapon Model: M9_Bayonet"
M9_Bayonet_Autotronic.png,M9_Bayonet,https://www.csgodatabase.com/skins/m9-bayonet-autotronic/,"Introduced: unknown, Price for factory new: 1030.93$, Rarity: Covert, Weapon Model: M9_Bayonet"
M9_Bayonet_Black_Laminate.png,M9_Bayonet,https://www.csgodatabase.com/skins/m9-bayonet-black-laminate/,"Introduced: unknown, Price for factory new: 968.03$, Rarity: Covert, Weapon Model: M9_Bayonet"
M9_Bayonet_Blue_Steel.png,M9_Bayonet,https://www.csgodatabase.com/skins/m9-bayonet-blue-steel/,"Introduced: unknown, Price for factory new: 459.97$, Rarity: Covert, Weapon Model: M9_Bayonet"
M9_Bayonet_Boreal_Forest.png,M9_Bayonet,https://www.csgodatabase.com/skins/m9-bayonet-boreal-forest/,"Introduced: unknown, Price for factory new: 276.0$, Rarity: Covert, Weapon Model: M9_Bayonet"
M9_Bayonet_Bright_Water.png,M9_Bayonet,https://www.csgodatabase.com/skins/m9-bayonet-bright-water/,"Introduced: unknown, Price for factory new: 400.0$, Rarity: Covert, Weapon Model: M9_Bayonet"
M9_Bayonet_Case_Hardened.png,M9_Bayonet,https://www.csgodatabase.com/skins/m9-bayonet-case-hardened/,"Introduced: unknown, Price for factory new: 546.25$, Rarity: Covert, Weapon Model: M9_Bayonet"
M9_Bayonet_Crimson_Web.png,M9_Bayonet,https://www.csgodatabase.com/skins/m9-bayonet-crimson-web/,"Introduced: unknown, Price for factory new: 436.17$, Rarity: Covert, Weapon Model: M9_Bayonet"
M9_Bayonet_Damascus_Steel.png,M9_Bayonet,https://www.csgodatabase.com/skins/m9-bayonet-damascus-steel/,"Introduced: unknown, Price for factory new: 405.29$, Rarity: Covert, Weapon Model: M9_Bayonet"
M9_Bayonet_Doppler.png,M9_Bayonet,https://www.csgodatabase.com/skins/m9-bayonet-doppler/,"Introduced: unknown, Price for factory new: 588.61$, Rarity: Covert, Weapon Model: M9_Bayonet"
M9_Bayonet_Fade.png,M9_Bayonet,https://www.csgodatabase.com/skins/m9-bayonet-fade/,"Introduced: unknown, Price for factory new: 986.79$, Rarity: Covert, Weapon Model: M9_Bayonet"
M9_Bayonet_Forest_DDPAT.png,M9_Bayonet,https://www.csgodatabase.com/skins/m9-bayonet-forest-ddpat/,"Introduced: unknown, Price for factory new: 291.57$, Rarity: Covert, Weapon Model: M9_Bayonet"
M9_Bayonet_Freehand.png,M9_Bayonet,https://www.csgodatabase.com/skins/m9-bayonet-freehand/,"Introduced: unknown, Price for factory new: 410.0$, Rarity: Covert, Weapon Model: M9_Bayonet"
M9_Bayonet_Gamma_Doppler.png,M9_Bayonet,https://www.csgodatabase.com/skins/m9-bayonet-gamma-doppler/,"Introduced: unknown, Price for factory new: 759.46$, Rarity: Covert, Weapon Model: M9_Bayonet"
M9_Bayonet_Lore.png,M9_Bayonet,https://www.csgodatabase.com/skins/m9-bayonet-lore/,"Introduced: unknown, Price for factory new: 1664.0$, Rarity: Covert, Weapon Model: M9_Bayonet"
M9_Bayonet_Marble_Fade.png,M9_Bayonet,https://www.csgodatabase.com/skins/m9-bayonet-marble-fade/,"Introduced: unknown, Price for factory new: 1000.0$, Rarity: Covert, Weapon Model: M9_Bayonet"
M9_Bayonet_Night.png,M9_Bayonet,https://www.csgodatabase.com/skins/m9-bayonet-night/,"Introduced: unknown, Price for factory new: 389.98$, Rarity: Covert, Weapon Model: M9_Bayonet"
M9_Bayonet_Rust_Coat.png,M9_Bayonet,https://www.csgodatabase.com/skins/m9-bayonet-rust-coat/,"Introduced: unknown, Price for factory new: 345.01$, Rarity: Covert, Weapon Model: M9_Bayonet"
M9_Bayonet_Safari_Mesh.png,M9_Bayonet,https://www.csgodatabase.com/skins/m9-bayonet-safari-mesh/,"Introduced: unknown, Price for factory new: 222.93$, Rarity: Covert, Weapon Model: M9_Bayonet"
M9_Bayonet_Scorched.png,M9_Bayonet,https://www.csgodatabase.com/skins/m9-bayonet-scorched/,"Introduced: unknown, Price for factory new: 226.67$, Rarity: Covert, Weapon Model: M9_Bayonet"
M9_Bayonet_Slaughter.png,M9_Bayonet,https://www.csgodatabase.com/skins/m9-bayonet-slaughter/,"Introduced: unknown, Price for factory new: 947.48$, Rarity: Covert, Weapon Model: M9_Bayonet"
M9_Bayonet_Stained.png,M9_Bayonet,https://www.csgodatabase.com/skins/m9-bayonet-stained/,"Introduced: unknown, Price for factory new: 303.96$, Rarity: Covert, Weapon Model: M9_Bayonet"
M9_Bayonet_Tiger_Tooth.png,M9_Bayonet,https://www.csgodatabase.com/skins/m9-bayonet-tiger-tooth/,"Introduced: unknown, Price for factory new: 618.25$, Rarity: Covert, Weapon Model: M9_Bayonet"
M9_Bayonet_Ultraviolet.png,M9_Bayonet,https://www.csgodatabase.com/skins/m9-bayonet-ultraviolet/,"Introduced: unknown, Price for factory new: 434.86$, Rarity: Covert, Weapon Model: M9_Bayonet"
M9_Bayonet_Urban_Masked.png,M9_Bayonet,https://www.csgodatabase.com/skins/m9-bayonet-urban-masked/,"Introduced: unknown, Price for factory new: 276.0$, Rarity: Covert, Weapon Model: M9_Bayonet"
Navaja_Knife.png,Navaja_Knife,https://www.csgodatabase.com/skins/navaja-knife/,"Introduced: unknown, Price for factory new: 107.53$, Rarity: Covert, Weapon Model: Navaja_Knife"
Navaja_Knife_Blue_Steel.png,Navaja_Knife,https://www.csgodatabase.com/skins/navaja-knife-blue-steel/,"Introduced: unknown, Price for factory new: 118.25$, Rarity: Covert, Weapon Model: Navaja_Knife"
Navaja_Knife_Boreal_Forest.png,Navaja_Knife,https://www.csgodatabase.com/skins/navaja-knife-boreal-forest/,"Introduced: unknown, Price for factory new: 80.5$, Rarity: Covert, Weapon Model: Navaja_Knife"
Navaja_Knife_Case_Hardened.png,Navaja_Knife,https://www.csgodatabase.com/skins/navaja-knife-case-hardened/,"Introduced: unknown, Price for factory new: 158.12$, Rarity: Covert, Weapon Model: Navaja_Knife"
Navaja_Knife_Crimson_Web.png,Navaja_Knife,https://www.csgodatabase.com/skins/navaja-knife-crimson-web/,"Introduced: unknown, Price for factory new: 134.7$, Rarity: Covert, Weapon Model: Navaja_Knife"
Navaja_Knife_Damascus_Steel.png,Navaja_Knife,https://www.csgodatabase.com/skins/navaja-knife-damascus-steel/,"Introduced: unknown, Price for factory new: 91.03$, Rarity: Covert, Weapon Model: Navaja_Knife"
Navaja_Knife_Doppler.png,Navaja_Knife,https://www.csgodatabase.com/skins/navaja-knife-doppler/,"Introduced: unknown, Price for factory new: 149.57$, Rarity: Covert, Weapon Model: Navaja_Knife"
Navaja_Knife_Fade.png,Navaja_Knife,https://www.csgodatabase.com/skins/navaja-knife-fade/,"Introduced: unknown, Price for factory new: 142.98$, Rarity: Covert, Weapon Model: Navaja_Knife"
Navaja_Knife_Forest_DDPAT.png,Navaja_Knife,https://www.csgodatabase.com/skins/navaja-knife-forest-ddpat/,"Introduced: unknown, Price for factory new: 127.89$, Rarity: Covert, Weapon Model: Navaja_Knife"
Navaja_Knife_Marble_Fade.png,Navaja_Knife,https://www.csgodatabase.com/skins/navaja-knife-marble-fade/,"Introduced: unknown, Price for factory new: 138.14$, Rarity: Covert, Weapon Model: Navaja_Knife"
Navaja_Knife_Night_Stripe.png,Navaja_Knife,https://www.csgodatabase.com/skins/navaja-knife-night-stripe/,"Introduced: unknown, Price for factory new: 125.34$, Rarity: Covert, Weapon Model: Navaja_Knife"
Navaja_Knife_Rust_Coat.png,Navaja_Knife,https://www.csgodatabase.com/skins/navaja-knife-rust-coat/,"Introduced: unknown, Price for factory new: 78.6$, Rarity: Covert, Weapon Model: Navaja_Knife"
Navaja_Knife_Safari_Mesh.png,Navaja_Knife,https://www.csgodatabase.com/skins/navaja-knife-safari-mesh/,"Introduced: unknown, Price for factory new: 79.24$, Rarity: Covert, Weapon Model: Navaja_Knife"
Navaja_Knife_Scorched.png,Navaja_Knife,https://www.csgodatabase.com/skins/navaja-knife-scorched/,"Introduced: unknown, Price for factory new: 159.04$, Rarity: Covert, Weapon Model: Navaja_Knife"
Navaja_Knife_Slaughter.png,Navaja_Knife,https://www.csgodatabase.com/skins/navaja-knife-slaughter/,"Introduced: unknown, Price for factory new: 120.49$, Rarity: Covert, Weapon Model: Navaja_Knife"
Navaja_Knife_Stained.png,Navaja_Knife,https://www.csgodatabase.com/skins/navaja-knife-stained/,"Introduced: unknown, Price for factory new: 104.39$, Rarity: Covert, Weapon Model: Navaja_Knife"
Navaja_Knife_Tiger_Tooth.png,Navaja_Knife,https://www.csgodatabase.com/skins/navaja-knife-tiger-tooth/,"Introduced: unknown, Price for factory new: 129.4$, Rarity: Covert, Weapon Model: Navaja_Knife"
Navaja_Knife_Ultraviolet.png,Navaja_Knife,https://www.csgodatabase.com/skins/navaja-knife-ultraviolet/,"Introduced: unknown, Price for factory new: 212.71$, Rarity: Covert, Weapon Model: Navaja_Knife"
Navaja_Knife_Urban_Masked.png,Navaja_Knife,https://www.csgodatabase.com/skins/navaja-knife-urban-masked/,"Introduced: unknown, Price for factory new: 119.92$, Rarity: Covert, Weapon Model: Navaja_Knife"
Nomad_Knife.png,Nomad_Knife,https://www.csgodatabase.com/skins/nomad-knife/,"Introduced: unknown, Price for factory new: 251.94$, Rarity: Covert, Weapon Model: Nomad_Knife"
Nomad_Knife_Blue_Steel.png,Nomad_Knife,https://www.csgodatabase.com/skins/nomad-knife-blue-steel/,"Introduced: unknown, Price for factory new: 293.73$, Rarity: Covert, Weapon Model: Nomad_Knife"
Nomad_Knife_Boreal_Forest.png,Nomad_Knife,https://www.csgodatabase.com/skins/nomad-knife-boreal-forest/,"Introduced: unknown, Price for factory new: 226.87$, Rarity: Covert, Weapon Model: Nomad_Knife"
Nomad_Knife_Case_Hardened.png,Nomad_Knife,https://www.csgodatabase.com/skins/nomad-knife-case-hardened/,"Introduced: unknown, Price for factory new: 539.32$, Rarity: Covert, Weapon Model: Nomad_Knife"
Nomad_Knife_Crimson_Web.png,Nomad_Knife,https://www.csgodatabase.com/skins/nomad-knife-crimson-web/,"Introduced: unknown, Price for factory new: 616.75$, Rarity: Covert, Weapon Model: Nomad_Knife"
Nomad_Knife_Fade.png,Nomad_Knife,https://www.csgodatabase.com/skins/nomad-knife-fade/,"Introduced: unknown, Price for factory new: 552.57$, Rarity: Covert, Weapon Model: Nomad_Knife"
Nomad_Knife_Forest_DDPAT.png,Nomad_Knife,https://www.csgodatabase.com/skins/nomad-knife-forest-ddpat/,"Introduced: unknown, Price for factory new: 184.0$, Rarity: Covert, Weapon Model: Nomad_Knife"
Nomad_Knife_Night_Stripe.png,Nomad_Knife,https://www.csgodatabase.com/skins/nomad-knife-night-stripe/,"Introduced: unknown, Price for factory new: 154.92$, Rarity: Covert, Weapon Model: Nomad_Knife"
Nomad_Knife_Safari_Mesh.png,Nomad_Knife,https://www.csgodatabase.com/skins/nomad-knife-safari-mesh/,"Introduced: unknown, Price for factory new: 117.18$, Rarity: Covert, Weapon Model: Nomad_Knife"
Nomad_Knife_Scorched.png,Nomad_Knife,https://www.csgodatabase.com/skins/nomad-knife-scorched/,"Introduced: unknown, Price for factory new: 114.09$, Rarity: Covert, Weapon Model: Nomad_Knife"
Nomad_Knife_Slaughter.png,Nomad_Knife,https://www.csgodatabase.com/skins/nomad-knife-slaughter/,"Introduced: unknown, Price for factory new: 350.65$, Rarity: Covert, Weapon Model: Nomad_Knife"
Nomad_Knife_Stained.png,Nomad_Knife,https://www.csgodatabase.com/skins/nomad-knife-stained/,"Introduced: unknown, Price for factory new: 256.72$, Rarity: Covert, Weapon Model: Nomad_Knife"
Nomad_Knife_Urban_Masked.png,Nomad_Knife,https://www.csgodatabase.com/skins/nomad-knife-urban-masked/,"Introduced: unknown, Price for factory new: 124.51$, Rarity: Covert, Weapon Model: Nomad_Knife"
Paracord_Knife.png,Paracord_Knife,https://www.csgodatabase.com/skins/paracord-knife/,"Introduced: unknown, Price for factory new: 346.68$, Rarity: Covert, Weapon Model: Paracord_Knife"
Paracord_Knife_Blue_Steel.png,Paracord_Knife,https://www.csgodatabase.com/skins/paracord-knife-blue-steel/,"Introduced: unknown, Price for factory new: 428.22$, Rarity: Covert, Weapon Model: Paracord_Knife"
Paracord_Knife_Boreal_Forest.png,Paracord_Knife,https://www.csgodatabase.com/skins/paracord-knife-boreal-forest/,"Introduced: unknown, Price for factory new: 190.44$, Rarity: Covert, Weapon Model: Paracord_Knife"
Paracord_Knife_Case_Hardened.png,Paracord_Knife,https://www.csgodatabase.com/skins/paracord-knife-case-hardened/,"Introduced: unknown, Price for factory new: 600.0$, Rarity: Covert, Weapon Model: Paracord_Knife"
Paracord_Knife_Crimson_Web.png,Paracord_Knife,https://www.csgodatabase.com/skins/paracord-knife-crimson-web/,"Introduced: unknown, Price for factory new: 1047.53$, Rarity: Covert, Weapon Model: Paracord_Knife"
Paracord_Knife_Fade.png,Paracord_Knife,https://www.csgodatabase.com/skins/paracord-knife-fade/,"Introduced: unknown, Price for factory new: 919.96$, Rarity: Covert, Weapon Model: Paracord_Knife"
Paracord_Knife_Forest_DDPAT.png,Paracord_Knife,https://www.csgodatabase.com/skins/paracord-knife-forest-ddpat/,"Introduced: unknown, Price for factory new: 154.53$, Rarity: Covert, Weapon Model: Paracord_Knife"
Paracord_Knife_Night_Stripe.png,Paracord_Knife,https://www.csgodatabase.com/skins/paracord-knife-night-stripe/,"Introduced: unknown, Price for factory new: 221.28$, Rarity: Covert, Weapon Model: Paracord_Knife"
Paracord_Knife_Safari_Mesh.png,Paracord_Knife,https://www.csgodatabase.com/skins/paracord-knife-safari-mesh/,"Introduced: unknown, Price for factory new: 329.4$, Rarity: Covert, Weapon Model: Paracord_Knife"
Paracord_Knife_Scorched.png,Paracord_Knife,https://www.csgodatabase.com/skins/paracord-knife-scorched/,"Introduced: unknown, Price for factory new: 154.0$, Rarity: Covert, Weapon Model: Paracord_Knife"
Paracord_Knife_Slaughter.png,Paracord_Knife,https://www.csgodatabase.com/skins/paracord-knife-slaughter/,"Introduced: unknown, Price for factory new: 629.52$, Rarity: Covert, Weapon Model: Paracord_Knife"
Paracord_Knife_Stained.png,Paracord_Knife,https://www.csgodatabase.com/skins/paracord-knife-stained/,"Introduced: unknown, Price for factory new: 208.73$, Rarity: Covert, Weapon Model: Paracord_Knife"
Paracord_Knife_Urban_Masked.png,Paracord_Knife,https://www.csgodatabase.com/skins/paracord-knife-urban-masked/,"Introduced: unknown, Price for factory new: 200.0$, Rarity: Covert, Weapon Model: Paracord_Knife"
Shadow_Daggers.png,Shadow_Daggers,https://www.csgodatabase.com/skins/shadow-daggers/,"Introduced: unknown, Price for factory new: 189.77$, Rarity: Covert, Weapon Model: Shadow_Daggers"
Shadow_Daggers_Blue_Steel.png,Shadow_Daggers,https://www.csgodatabase.com/skins/shadow-daggers-blue-steel/,"Introduced: unknown, Price for factory new: 132.25$, Rarity: Covert, Weapon Model: Shadow_Daggers"
Shadow_Daggers_Boreal_Forest.png,Shadow_Daggers,https://www.csgodatabase.com/skins/shadow-daggers-boreal-forest/,"Introduced: unknown, Price for factory new: 90.67$, Rarity: Covert, Weapon Model: Shadow_Daggers"
Shadow_Daggers_Case_Hardened.png,Shadow_Daggers,https://www.csgodatabase.com/skins/shadow-daggers-case-hardened/,"Introduced: unknown, Price for factory new: 346.76$, Rarity: Covert, Weapon Model: Shadow_Daggers"
Shadow_Daggers_Crimson_Web.png,Shadow_Daggers,https://www.csgodatabase.com/skins/shadow-daggers-crimson-web/,"Introduced: unknown, Price for factory new: 176.53$, Rarity: Covert, Weapon Model: Shadow_Daggers"
Shadow_Daggers_Damascus_Steel.png,Shadow_Daggers,https://www.csgodatabase.com/skins/shadow-daggers-damascus-steel/,"Introduced: unknown, Price for factory new: 96.05$, Rarity: Covert, Weapon Model: Shadow_Daggers"
Shadow_Daggers_Doppler.png,Shadow_Daggers,https://www.csgodatabase.com/skins/shadow-daggers-doppler/,"Introduced: unknown, Price for factory new: 152.85$, Rarity: Covert, Weapon Model: Shadow_Daggers"
Shadow_Daggers_Fade.png,Shadow_Daggers,https://www.csgodatabase.com/skins/shadow-daggers-fade/,"Introduced: unknown, Price for factory new: 227.28$, Rarity: Covert, Weapon Model: Shadow_Daggers"
Shadow_Daggers_Forest_DDPAT.png,Shadow_Daggers,https://www.csgodatabase.com/skins/shadow-daggers-forest-ddpat/,"Introduced: unknown, Price for factory new: 107.1$, Rarity: Covert, Weapon Model: Shadow_Daggers"
Shadow_Daggers_Marble_Fade.png,Shadow_Daggers,https://www.csgodatabase.com/skins/shadow-daggers-marble-fade/,"Introduced: unknown, Price for factory new: 170.08$, Rarity: Covert, Weapon Model: Shadow_Daggers"
Shadow_Daggers_Night.png,Shadow_Daggers,https://www.csgodatabase.com/skins/shadow-daggers-night/,"Introduced: unknown, Price for factory new: nan$, Rarity: Covert, Weapon Model: Shadow_Daggers"
Shadow_Daggers_Rust_Coat.png,Shadow_Daggers,https://www.csgodatabase.com/skins/shadow-daggers-rust-coat/,"Introduced: unknown, Price for factory new: 86.65$, Rarity: Covert, Weapon Model: Shadow_Daggers"
Shadow_Daggers_Safari_Mesh.png,Shadow_Daggers,https://www.csgodatabase.com/skins/shadow-daggers-safari-mesh/,"Introduced: unknown, Price for factory new: 95.04$, Rarity: Covert, Weapon Model: Shadow_Daggers"
Shadow_Daggers_Scorched.png,Shadow_Daggers,https://www.csgodatabase.com/skins/shadow-daggers-scorched/,"Introduced: unknown, Price for factory new: 219.84$, Rarity: Covert, Weapon Model: Shadow_Daggers"
Shadow_Daggers_Slaughter.png,Shadow_Daggers,https://www.csgodatabase.com/skins/shadow-daggers-slaughter/,"Introduced: unknown, Price for factory new: 170.04$, Rarity: Covert, Weapon Model: Shadow_Daggers"
Shadow_Daggers_Stained.png,Shadow_Daggers,https://www.csgodatabase.com/skins/shadow-daggers-stained/,"Introduced: unknown, Price for factory new: 133.14$, Rarity: Covert, Weapon Model: Shadow_Daggers"
Shadow_Daggers_Tiger_Tooth.png,Shadow_Daggers,https://www.csgodatabase.com/skins/shadow-daggers-tiger-tooth/,"Introduced: unknown, Price for factory new: 154.17$, Rarity: Covert, Weapon Model: Shadow_Daggers"
Shadow_Daggers_Ultraviolet.png,Shadow_Daggers,https://www.csgodatabase.com/skins/shadow-daggers-ultraviolet/,"Introduced: unknown, Price for factory new: 233.37$, Rarity: Covert, Weapon Model: Shadow_Daggers"
Shadow_Daggers_Urban_Masked.png,Shadow_Daggers,https://www.csgodatabase.com/skins/shadow-daggers-urban-masked/,"Introduced: unknown, Price for factory new: 214.44$, Rarity: Covert, Weapon Model: Shadow_Daggers"
Skeleton_Knife.png,Skeleton_Knife,https://www.csgodatabase.com/skins/skeleton-knife/,"Introduced: unknown, Price for factory new: 1119.19$, Rarity: Covert, Weapon Model: Skeleton_Knife"
Skeleton_Knife_Blue_Steel.png,Skeleton_Knife,https://www.csgodatabase.com/skins/skeleton-knife-blue-steel/,"Introduced: unknown, Price for factory new: 1317.15$, Rarity: Covert, Weapon Model: Skeleton_Knife"
Skeleton_Knife_Boreal_Forest.png,Skeleton_Knife,https://www.csgodatabase.com/skins/skeleton-knife-boreal-forest/,"Introduced: unknown, Price for factory new: 385.72$, Rarity: Covert, Weapon Model: Skeleton_Knife"
Skeleton_Knife_Case_Hardened.png,Skeleton_Knife,https://www.csgodatabase.com/skins/skeleton-knife-case-hardened/,"Introduced: unknown, Price for factory new: 1037.08$, Rarity: Covert, Weapon Model: Skeleton_Knife"
Skeleton_Knife_Crimson_Web.png,Skeleton_Knife,https://www.csgodatabase.com/skins/skeleton-knife-crimson-web/,"Introduced: unknown, Price for factory new: 1610.0$, Rarity: Covert, Weapon Model: Skeleton_Knife"
Skeleton_Knife_Fade.png,Skeleton_Knife,https://www.csgodatabase.com/skins/skeleton-knife-fade/,"Introduced: unknown, Price for factory new: 2319.19$, Rarity: Covert, Weapon Model: Skeleton_Knife"
Skeleton_Knife_Forest_DDPAT.png,Skeleton_Knife,https://www.csgodatabase.com/skins/skeleton-knife-forest-ddpat/,"Introduced: unknown, Price for factory new: 379.88$, Rarity: Covert, Weapon Model: Skeleton_Knife"
Skeleton_Knife_Night_Stripe.png,Skeleton_Knife,https://www.csgodatabase.com/skins/skeleton-knife-night-stripe/,"Introduced: unknown, Price for factory new: 548.1$, Rarity: Covert, Weapon Model: Skeleton_Knife"
Skeleton_Knife_Safari_Mesh.png,Skeleton_Knife,https://www.csgodatabase.com/skins/skeleton-knife-safari-mesh/,"Introduced: unknown, Price for factory new: 389.65$, Rarity: Covert, Weapon Model: Skeleton_Knife"
Skeleton_Knife_Scorched.png,Skeleton_Knife,https://www.csgodatabase.com/skins/skeleton-knife-scorched/,"Introduced: unknown, Price for factory new: 444.5$, Rarity: Covert, Weapon Model: Skeleton_Knife"
Skeleton_Knife_Slaughter.png,Skeleton_Knife,https://www.csgodatabase.com/skins/skeleton-knife-slaughter/,"Introduced: unknown, Price for factory new: 1784.3$, Rarity: Covert, Weapon Model: Skeleton_Knife"
Skeleton_Knife_Stained.png,Skeleton_Knife,https://www.csgodatabase.com/skins/skeleton-knife-stained/,"Introduced: unknown, Price for factory new: 639.17$, Rarity: Covert, Weapon Model: Skeleton_Knife"
Skeleton_Knife_Urban_Masked.png,Skeleton_Knife,https://www.csgodatabase.com/skins/skeleton-knife-urban-masked/,"Introduced: unknown, Price for factory new: 1020.22$, Rarity: Covert, Weapon Model: Skeleton_Knife"
Stiletto_Knife.png,Stiletto_Knife,https://www.csgodatabase.com/skins/stiletto-knife/,"Introduced: unknown, Price for factory new: 160.92$, Rarity: Covert, Weapon Model: Stiletto_Knife"
Stiletto_Knife_Blue_Steel.png,Stiletto_Knife,https://www.csgodatabase.com/skins/stiletto-knife-blue-steel/,"Introduced: unknown, Price for factory new: 200.0$, Rarity: Covert, Weapon Model: Stiletto_Knife"
Stiletto_Knife_Boreal_Forest.png,Stiletto_Knife,https://www.csgodatabase.com/skins/stiletto-knife-boreal-forest/,"Introduced: unknown, Price for factory new: 115.85$, Rarity: Covert, Weapon Model: Stiletto_Knife"
Stiletto_Knife_Case_Hardened.png,Stiletto_Knife,https://www.csgodatabase.com/skins/stiletto-knife-case-hardened/,"Introduced: unknown, Price for factory new: 379.99$, Rarity: Covert, Weapon Model: Stiletto_Knife"
Stiletto_Knife_Crimson_Web.png,Stiletto_Knife,https://www.csgodatabase.com/skins/stiletto-knife-crimson-web/,"Introduced: unknown, Price for factory new: 319.99$, Rarity: Covert, Weapon Model: Stiletto_Knife"
Stiletto_Knife_Damascus_Steel.png,Stiletto_Knife,https://www.csgodatabase.com/skins/stiletto-knife-damascus-steel/,"Introduced: unknown, Price for factory new: 173.05$, Rarity: Covert, Weapon Model: Stiletto_Knife"
Stiletto_Knife_Doppler.png,Stiletto_Knife,https://www.csgodatabase.com/skins/stiletto-knife-doppler/,"Introduced: unknown, Price for factory new: 290.54$, Rarity: Covert, Weapon Model: Stiletto_Knife"
Stiletto_Knife_Fade.png,Stiletto_Knife,https://www.csgodatabase.com/skins/stiletto-knife-fade/,"Introduced: unknown, Price for factory new: 361.44$, Rarity: Covert, Weapon Model: Stiletto_Knife"
Stiletto_Knife_Forest_DDPAT.png,Stiletto_Knife,https://www.csgodatabase.com/skins/stiletto-knife-forest-ddpat/,"Introduced: unknown, Price for factory new: 205.87$, Rarity: Covert, Weapon Model: Stiletto_Knife"
Stiletto_Knife_Marble_Fade.png,Stiletto_Knife,https://www.csgodatabase.com/skins/stiletto-knife-marble-fade/,"Introduced: unknown, Price for factory new: 303.74$, Rarity: Covert, Weapon Model: Stiletto_Knife"
Stiletto_Knife_Night_Stripe.png,Stiletto_Knife,https://www.csgodatabase.com/skins/stiletto-knife-night-stripe/,"Introduced: unknown, Price for factory new: 499.69$, Rarity: Covert, Weapon Model: Stiletto_Knife"
Stiletto_Knife_Rust_Coat.png,Stiletto_Knife,https://www.csgodatabase.com/skins/stiletto-knife-rust-coat/,"Introduced: unknown, Price for factory new: 130.79$, Rarity: Covert, Weapon Model: Stiletto_Knife"
Stiletto_Knife_Safari_Mesh.png,Stiletto_Knife,https://www.csgodatabase.com/skins/stiletto-knife-safari-mesh/,"Introduced: unknown, Price for factory new: 117.49$, Rarity: Covert, Weapon Model: Stiletto_Knife"
Stiletto_Knife_Scorched.png,Stiletto_Knife,https://www.csgodatabase.com/skins/stiletto-knife-scorched/,"Introduced: unknown, Price for factory new: 172.86$, Rarity: Covert, Weapon Model: Stiletto_Knife"
Stiletto_Knife_Slaughter.png,Stiletto_Knife,https://www.csgodatabase.com/skins/stiletto-knife-slaughter/,"Introduced: unknown, Price for factory new: 286.47$, Rarity: Covert, Weapon Model: Stiletto_Knife"
Stiletto_Knife_Stained.png,Stiletto_Knife,https://www.csgodatabase.com/skins/stiletto-knife-stained/,"Introduced: unknown, Price for factory new: 194.62$, Rarity: Covert, Weapon Model: Stiletto_Knife"
Stiletto_Knife_Tiger_Tooth.png,Stiletto_Knife,https://www.csgodatabase.com/skins/stiletto-knife-tiger-tooth/,"Introduced: unknown, Price for factory new: 226.7$, Rarity: Covert, Weapon Model: Stiletto_Knife"
Stiletto_Knife_Ultraviolet.png,Stiletto_Knife,https://www.csgodatabase.com/skins/stiletto-knife-ultraviolet/,"Introduced: unknown, Price for factory new: 420.86$, Rarity: Covert, Weapon Model: Stiletto_Knife"
Stiletto_Knife_Urban_Masked.png,Stiletto_Knife,https://www.csgodatabase.com/skins/stiletto-knife-urban-masked/,"Introduced: unknown, Price for factory new: 300.0$, Rarity: Covert, Weapon Model: Stiletto_Knife"
Survival_Knife.png,Survival_Knife,https://www.csgodatabase.com/skins/survival-knife/,"Introduced: unknown, Price for factory new: 270.55$, Rarity: Covert, Weapon Model: Survival_Knife"
Survival_Knife_Blue_Steel.png,Survival_Knife,https://www.csgodatabase.com/skins/survival-knife-blue-steel/,"Introduced: unknown, Price for factory new: 178.16$, Rarity: Covert, Weapon Model: Survival_Knife"
Survival_Knife_Boreal_Forest.png,Survival_Knife,https://www.csgodatabase.com/skins/survival-knife-boreal-forest/,"Introduced: unknown, Price for factory new: 137.37$, Rarity: Covert, Weapon Model: Survival_Knife"
Survival_Knife_Case_Hardened.png,Survival_Knife,https://www.csgodatabase.com/skins/survival-knife-case-hardened/,"Introduced: unknown, Price for factory new: 227.24$, Rarity: Covert, Weapon Model: Survival_Knife"
Survival_Knife_Crimson_Web.png,Survival_Knife,https://www.csgodatabase.com/skins/survival-knife-crimson-web/,"Introduced: unknown, Price for factory new: 697.02$, Rarity: Covert, Weapon Model: Survival_Knife"
Survival_Knife_Fade.png,Survival_Knife,https://www.csgodatabase.com/skins/survival-knife-fade/,"Introduced: unknown, Price for factory new: 542.14$, Rarity: Covert, Weapon Model: Survival_Knife"
Survival_Knife_Forest_DDPAT.png,Survival_Knife,https://www.csgodatabase.com/skins/survival-knife-forest-ddpat/,"Introduced: unknown, Price for factory new: 148.61$, Rarity: Covert, Weapon Model: Survival_Knife"
Survival_Knife_Night_Stripe.png,Survival_Knife,https://www.csgodatabase.com/skins/survival-knife-night-stripe/,"Introduced: unknown, Price for factory new: 890.69$, Rarity: Covert, Weapon Model: Survival_Knife"
Survival_Knife_Safari_Mesh.png,Survival_Knife,https://www.csgodatabase.com/skins/survival-knife-safari-mesh/,"Introduced: unknown, Price for factory new: 189.07$, Rarity: Covert, Weapon Model: Survival_Knife"
Survival_Knife_Scorched.png,Survival_Knife,https://www.csgodatabase.com/skins/survival-knife-scorched/,"Introduced: unknown, Price for factory new: 124.77$, Rarity: Covert, Weapon Model: Survival_Knife"
Survival_Knife_Slaughter.png,Survival_Knife,https://www.csgodatabase.com/skins/survival-knife-slaughter/,"Introduced: unknown, Price for factory new: 421.95$, Rarity: Covert, Weapon Model: Survival_Knife"
Survival_Knife_Stained.png,Survival_Knife,https://www.csgodatabase.com/skins/survival-knife-stained/,"Introduced: unknown, Price for factory new: 282.79$, Rarity: Covert, Weapon Model: Survival_Knife"
Survival_Knife_Urban_Masked.png,Survival_Knife,https://www.csgodatabase.com/skins/survival-knife-urban-masked/,"Introduced: unknown, Price for factory new: 138.48$, Rarity: Covert, Weapon Model: Survival_Knife"
Talon_Knife.png,Talon_Knife,https://www.csgodatabase.com/skins/talon-knife/,"Introduced: unknown, Price for factory new: 380.51$, Rarity: Covert, Weapon Model: Talon_Knife"
Talon_Knife_Blue_Steel.png,Talon_Knife,https://www.csgodatabase.com/skins/talon-knife-blue-steel/,"Introduced: unknown, Price for factory new: 351.37$, Rarity: Covert, Weapon Model: Talon_Knife"
Talon_Knife_Boreal_Forest.png,Talon_Knife,https://www.csgodatabase.com/skins/talon-knife-boreal-forest/,"Introduced: unknown, Price for factory new: 1851.06$, Rarity: Covert, Weapon Model: Talon_Knife"
Talon_Knife_Case_Hardened.png,Talon_Knife,https://www.csgodatabase.com/skins/talon-knife-case-hardened/,"Introduced: unknown, Price for factory new: 467.14$, Rarity: Covert, Weapon Model: Talon_Knife"
Talon_Knife_Crimson_Web.png,Talon_Knife,https://www.csgodatabase.com/skins/talon-knife-crimson-web/,"Introduced: unknown, Price for factory new: 668.54$, Rarity: Covert, Weapon Model: Talon_Knife"
Talon_Knife_Damascus_Steel.png,Talon_Knife,https://www.csgodatabase.com/skins/talon-knife-damascus-steel/,"Introduced: unknown, Price for factory new: 354.86$, Rarity: Covert, Weapon Model: Talon_Knife"
Talon_Knife_Doppler.png,Talon_Knife,https://www.csgodatabase.com/skins/talon-knife-doppler/,"Introduced: unknown, Price for factory new: 739.13$, Rarity: Covert, Weapon Model: Talon_Knife"
Talon_Knife_Fade.png,Talon_Knife,https://www.csgodatabase.com/skins/talon-knife-fade/,"Introduced: unknown, Price for factory new: 1050.0$, Rarity: Covert, Weapon Model: Talon_Knife"
Talon_Knife_Forest_DDPAT.png,Talon_Knife,https://www.csgodatabase.com/skins/talon-knife-forest-ddpat/,"Introduced: unknown, Price for factory new: 277.68$, Rarity: Covert, Weapon Model: Talon_Knife"
Talon_Knife_Marble_Fade.png,Talon_Knife,https://www.csgodatabase.com/skins/talon-knife-marble-fade/,"Introduced: unknown, Price for factory new: 833.38$, Rarity: Covert, Weapon Model: Talon_Knife"
Talon_Knife_Night_Stripe.png,Talon_Knife,https://www.csgodatabase.com/skins/talon-knife-night-stripe/,"Introduced: unknown, Price for factory new: 285.0$, Rarity: Covert, Weapon Model: Talon_Knife"
Talon_Knife_Rust_Coat.png,Talon_Knife,https://www.csgodatabase.com/skins/talon-knife-rust-coat/,"Introduced: unknown, Price for factory new: 298.22$, Rarity: Covert, Weapon Model: Talon_Knife"
Talon_Knife_Safari_Mesh.png,Talon_Knife,https://www.csgodatabase.com/skins/talon-knife-safari-mesh/,"Introduced: unknown, Price for factory new: 300.0$, Rarity: Covert, Weapon Model: Talon_Knife"
Talon_Knife_Scorched.png,Talon_Knife,https://www.csgodatabase.com/skins/talon-knife-scorched/,"Introduced: unknown, Price for factory new: 241.98$, Rarity: Covert, Weapon Model: Talon_Knife"
Talon_Knife_Slaughter.png,Talon_Knife,https://www.csgodatabase.com/skins/talon-knife-slaughter/,"Introduced: unknown, Price for factory new: 725.83$, Rarity: Covert, Weapon Model: Talon_Knife"
Talon_Knife_Stained.png,Talon_Knife,https://www.csgodatabase.com/skins/talon-knife-stained/,"Introduced: unknown, Price for factory new: 316.48$, Rarity: Covert, Weapon Model: Talon_Knife"
Talon_Knife_Tiger_Tooth.png,Talon_Knife,https://www.csgodatabase.com/skins/talon-knife-tiger-tooth/,"Introduced: unknown, Price for factory new: 606.0$, Rarity: Covert, Weapon Model: Talon_Knife"
Talon_Knife_Ultraviolet.png,Talon_Knife,https://www.csgodatabase.com/skins/talon-knife-ultraviolet/,"Introduced: unknown, Price for factory new: 1225.32$, Rarity: Covert, Weapon Model: Talon_Knife"
Talon_Knife_Urban_Masked.png,Talon_Knife,https://www.csgodatabase.com/skins/talon-knife-urban-masked/,"Introduced: unknown, Price for factory new: 401.23$, Rarity: Covert, Weapon Model: Talon_Knife"
Ursus_Knife.png,Ursus_Knife,https://www.csgodatabase.com/skins/ursus-knife/,"Introduced: unknown, Price for factory new: 222.9$, Rarity: Covert, Weapon Model: Ursus_Knife"
Ursus_Knife_Blue_Steel.png,Ursus_Knife,https://www.csgodatabase.com/skins/ursus-knife-blue-steel/,"Introduced: unknown, Price for factory new: 301.7$, Rarity: Covert, Weapon Model: Ursus_Knife"
Ursus_Knife_Boreal_Forest.png,Ursus_Knife,https://www.csgodatabase.com/skins/ursus-knife-boreal-forest/,"Introduced: unknown, Price for factory new: 142.95$, Rarity: Covert, Weapon Model: Ursus_Knife"
Ursus_Knife_Case_Hardened.png,Ursus_Knife,https://www.csgodatabase.com/skins/ursus-knife-case-hardened/,"Introduced: unknown, Price for factory new: 375.63$, Rarity: Covert, Weapon Model: Ursus_Knife"
Ursus_Knife_Crimson_Web.png,Ursus_Knife,https://www.csgodatabase.com/skins/ursus-knife-crimson-web/,"Introduced: unknown, Price for factory new: 594.82$, Rarity: Covert, Weapon Model: Ursus_Knife"
Ursus_Knife_Damascus_Steel.png,Ursus_Knife,https://www.csgodatabase.com/skins/ursus-knife-damascus-steel/,"Introduced: unknown, Price for factory new: 166.75$, Rarity: Covert, Weapon Model: Ursus_Knife"
Ursus_Knife_Doppler.png,Ursus_Knife,https://www.csgodatabase.com/skins/ursus-knife-doppler/,"Introduced: unknown, Price for factory new: 299.86$, Rarity: Covert, Weapon Model: Ursus_Knife"
Ursus_Knife_Fade.png,Ursus_Knife,https://www.csgodatabase.com/skins/ursus-knife-fade/,"Introduced: unknown, Price for factory new: 678.53$, Rarity: Covert, Weapon Model: Ursus_Knife"
Ursus_Knife_Forest_DDPAT.png,Ursus_Knife,https://www.csgodatabase.com/skins/ursus-knife-forest-ddpat/,"Introduced: unknown, Price for factory new: 111.05$, Rarity: Covert, Weapon Model: Ursus_Knife"
Ursus_Knife_Marble_Fade.png,Ursus_Knife,https://www.csgodatabase.com/skins/ursus-knife-marble-fade/,"Introduced: unknown, Price for factory new: 419.44$, Rarity: Covert, Weapon Model: Ursus_Knife"
Ursus_Knife_Night_Stripe.png,Ursus_Knife,https://www.csgodatabase.com/skins/ursus-knife-night-stripe/,"Introduced: unknown, Price for factory new: 159.97$, Rarity: Covert, Weapon Model: Ursus_Knife"
Ursus_Knife_Rust_Coat.png,Ursus_Knife,https://www.csgodatabase.com/skins/ursus-knife-rust-coat/,"Introduced: unknown, Price for factory new: 114.26$, Rarity: Covert, Weapon Model: Ursus_Knife"
Ursus_Knife_Safari_Mesh.png,Ursus_Knife,https://www.csgodatabase.com/skins/ursus-knife-safari-mesh/,"Introduced: unknown, Price for factory new: 184.73$, Rarity: Covert, Weapon Model: Ursus_Knife"
Ursus_Knife_Scorched.png,Ursus_Knife,https://www.csgodatabase.com/skins/ursus-knife-scorched/,"Introduced: unknown, Price for factory new: 310.09$, Rarity: Covert, Weapon Model: Ursus_Knife"
Ursus_Knife_Slaughter.png,Ursus_Knife,https://www.csgodatabase.com/skins/ursus-knife-slaughter/,"Introduced: unknown, Price for factory new: 373.94$, Rarity: Covert, Weapon Model: Ursus_Knife"
Ursus_Knife_Stained.png,Ursus_Knife,https://www.csgodatabase.com/skins/ursus-knife-stained/,"Introduced: unknown, Price for factory new: 211.54$, Rarity: Covert, Weapon Model: Ursus_Knife"
Ursus_Knife_Tiger_Tooth.png,Ursus_Knife,https://www.csgodatabase.com/skins/ursus-knife-tiger-tooth/,"Introduced: unknown, Price for factory new: 331.28$, Rarity: Covert, Weapon Model: Ursus_Knife"
Ursus_Knife_Ultraviolet.png,Ursus_Knife,https://www.csgodatabase.com/skins/ursus-knife-ultraviolet/,"Introduced: unknown, Price for factory new: 837.48$, Rarity: Covert, Weapon Model: Ursus_Knife"
Ursus_Knife_Urban_Masked.png,Ursus_Knife,https://www.csgodatabase.com/skins/ursus-knife-urban-masked/,"Introduced: unknown, Price for factory new: 266.8$, Rarity: Covert, Weapon Model: Ursus_Knife"
